basic_trend_following,basic_mean_reversion,basic_breakout,basic_momentum,portfolio_enhanced_momentum,portfolio_enhanced_trend,portfolio_enhanced_breakout,portfolio_enhanced_mean_reversion
64000000.0,64000000.0,64000000.0,64000000.0,1000000.0,1000000.0,1000000.0,1000000.0
64000000.0,64000000.0,64000000.0,64000000.0,1000000.0,1000000.0,1000000.0,1000000.0
64000000.0,64000000.0,64000000.0,64000000.0,1000000.0,1000000.0,1000000.0,1000000.0
64000000.0,64000000.0,64000000.0,64000000.0,1000000.0,1000000.0,1000000.0,1000000.0
64000000.0,64000000.0,64000000.0,64000000.0,1000000.0,1000000.0,1000000.0,1000000.0
64000000.0,64000000.0,64000000.0,64000000.0,1000000.0,1000000.0,1000000.0,1000000.0
64000000.0,64000000.0,64000000.0,64000000.0,1000000.0,1000000.0,1000000.0,1000000.0
64000000.0,64000000.0,64000000.0,63893788.80060911,1000000.0,1000000.0,1000000.0,1000000.0
64000000.0,64000000.0,64000000.0,63864150.67680693,1000000.0,1000000.0,1000000.0,1000000.0
64000000.0,64000000.0,64000000.0,63865806.60682249,1000000.0,1000000.0,1000000.0,1000000.0
64000000.0,64000000.0,64000000.0,63775830.14113727,1000000.0,1000000.0,1000000.0,1000000.0
64000000.0,64000000.0,64000000.0,63566047.52583328,1000000.0,1000000.0,1000000.0,1000000.0
64000000.0,64000000.0,64000000.0,63638915.95241657,1000000.0,1000000.0,1000000.0,1000000.0
64000000.0,64000000.0,64000000.0,63596818.22627655,1000000.0,1000000.0,1000000.0,1000000.0
64000000.0,62782398.78566861,64000000.0,63515337.44616333,1000000.0,1000000.0,1000000.0,1000000.0
64000000.0,63843040.79282665,64000000.0,63613048.13415924,1000000.0,1000000.0,1000000.0,1000000.0
64000000.0,65066699.96687627,64000000.0,63634964.311160795,1004188.2761722434,1000000.0,1000000.0,1000000.0
64000000.0,65674327.90808582,64000000.0,63905427.77072935,1012790.0173002611,1000000.0,1000000.0,1000000.0
64000000.0,64958961.28903031,64000000.0,63574477.75869727,978431.9095898458,1000000.0,1000000.0,1000000.0
64000000.0,65484784.60293174,64000000.0,63841718.3806674,962665.3236654336,1000000.0,1000000.0,1000000.0
64000000.0,64362701.09391761,63969937.919484615,63579318.94037579,950929.9299428994,1000000.0,1000000.0,1000000.0
63946075.13214111,63466756.775877476,63966534.20147228,63461460.90895062,949569.1849940354,1000000.0,1000000.0,1000000.0
63933316.98195267,63918302.38124398,63963130.72752762,63424236.0379675,940575.7318714196,1000000.0,1000000.0,1000000.0
63968038.95485306,63530440.06953873,63963130.72752762,63434880.25495988,939892.464093023,1000000.0,1000000.0,1000000.0
63957466.76122379,63343137.35236664,63982055.41319084,63462345.809850276,923580.1011028821,1000000.0,1000000.0,1000000.0
64140494.64371586,65578870.52859194,64008713.438079834,63832980.60137421,917900.1998724276,1000000.0,1000000.0,1000000.0
64177867.79988253,65348433.032197535,63993559.22888899,63713265.728729784,902434.4875940615,998579.5321044922,984662.8314666748,1000000.0
64137431.39612472,65230178.70262322,63925327.27157259,63591228.972990334,896449.9629587466,987192.9456558228,949567.0226364136,1000000.0
64104644.68541753,64823453.10386381,63880470.50964737,63372024.978268206,882388.1927408511,980127.1823387146,943572.7753601074,1000000.0
64309881.6015383,65123132.35813297,63893117.36104202,63563683.39263207,888838.0538381869,979834.1396865845,943925.3108291626,1000000.0
64497453.01845682,65426042.01451817,63882223.38041878,63599803.17411992,901076.3893827731,979365.6711463928,938988.9108657837,1000000.0
65289124.67390633,66812997.85245376,63935034.88957739,64275457.99716468,937549.159028464,994350.7061004639,938988.9108657837,1000000.0
64762633.31621458,66033797.42154746,63869974.95552254,64081019.02462077,913934.5212988192,990785.0530815125,930816.2757701874,1000000.0
64868221.24544363,66143675.47821239,63957734.51664877,64328971.34667991,913711.735370093,1000721.6682548523,935204.4013957977,1000000.0
65385306.77439068,67017663.7921806,64110015.0377202,64893556.88850844,928994.8923849398,989761.5391082764,954962.9491987228,1000000.0
65710253.59326619,67353137.88785295,64375101.91072273,65682278.07838789,940463.0078195864,985383.3008346558,971804.7018508911,1000000.0
65747755.70588588,67209125.91238023,64416854.615706265,65648555.962770715,944025.1950582797,975576.5651245117,973162.5688581467,1000000.0
65628593.46618718,67251951.1934498,64248581.539836645,65346628.67640108,941726.1507334048,965292.2706680298,975922.7273054123,1000000.0
66116238.81759308,67618523.99939828,64578298.9547258,65757311.618438505,957340.0070223147,976610.1270275116,1059561.4890851974,1000000.0
65360458.03406753,67252347.76323012,64189365.26253623,64908838.65102055,926722.0121034915,951963.798582077,1033564.2170543671,1000000.0
65498518.84829536,67379700.34411518,64200091.12102246,65001350.447273515,957050.3917230899,957122.8388786316,1062813.4008865356,1000000.0
65535481.98633434,67488184.39174773,64311702.90724641,65219306.77338006,967714.6187586123,959037.2253074646,1067743.7286481857,1000000.0
65870741.26555821,67843941.9804678,64265479.63176465,65411553.58297851,960895.051890784,961383.8154621124,1070381.7089309692,1000000.0
64651727.683039464,67335671.38461125,63518977.39740372,64204044.25886061,931545.4177793795,915485.5111932755,1023018.3527965546,1000000.0
65180009.28335522,67619787.15980315,63896537.882819176,64768869.59091117,937397.4502500826,928185.5509910583,1028787.6648082733,1000000.0
64624708.19554114,67551838.0030843,63454012.44162975,64169378.7676739,941344.3735180432,922690.5664157867,1006801.2176929998,1000000.0
64843786.0725347,67721193.31124555,63650475.558060475,64545866.66157558,938540.5929426486,938803.2202548981,1010398.3664027109,1000000.0
65208324.462355316,68067262.70655882,63855941.03259926,65069684.689925514,972377.3313547904,946977.7879486084,1026379.4111388596,1000000.0
65941896.63934192,68535456.69071299,64523983.46003067,66046094.71773764,1020616.0521442229,962614.3803386688,1039018.9861116677,1000000.0
66226836.422610834,68537074.83500361,64725078.67150651,66302714.6095409,1064422.0548888976,951875.5169410706,1050019.686621737,1000000.0
65909431.50166106,68389254.42672452,64405781.77812338,66053270.12192925,1051069.8431045348,952859.4704170227,1039421.8072217624,1000000.0
65636449.46456524,68171379.48383194,64044993.025010414,65624634.63942226,1046430.7720405394,948531.0483798981,1048496.6941171966,1000000.0
65723663.90912928,68159345.20366561,64026418.20708037,65751701.307349645,1034188.2250663573,953588.7241325378,1055094.7098275912,1000000.0
65062786.07781333,67861123.08762605,63545729.49825774,64990928.56087067,1007540.9303390319,933002.8041801453,1049214.7496321478,1000000.0
65097471.846006304,67839494.26258805,63721016.88232288,65131218.72917541,1012710.214730435,928649.2400021553,1051349.814106496,1000000.0
65509575.515799016,68002505.22687608,64080738.95058672,65753933.79441627,1043734.7863246733,949940.923977375,1050643.6707156813,1000000.0
64969793.163686216,67347847.10588431,63259480.6459404,64709398.93971994,1021314.504797631,933590.0241007805,1031537.4169293188,1000000.0
64833926.02748209,67307488.42309892,63241599.41850567,64487818.33477732,1011448.6932598883,928410.2188153267,1025430.0315809225,1000000.0
65142759.46225489,67346460.63723743,63517909.93634535,64858609.16820743,997924.573045426,946785.4819331169,1035436.8268501064,1000000.0
64847513.872623384,67139660.2183908,63047307.760303855,64364389.65396073,978195.2085000807,935662.376932621,1025788.2907298665,1020540.5734658241
65065449.48360004,67320360.82185322,63395588.06006622,64724613.565971695,952681.1401740843,944258.8316493034,1029036.6290760867,1028243.173623085
65502990.00833829,67535917.82936725,64162239.70453162,65657238.18264159,945886.5596713359,977865.8288712502,1054886.629681193,1024391.8381929398
65148476.447015874,67422613.87590149,63829496.38118222,65225936.236227594,934774.0327319438,979543.2075800896,1052687.879147235,1061621.5082883835
64981660.82765311,67197983.87093589,63486882.79461352,65043377.93244176,900172.7228723401,967813.1509985924,1053035.043547458,1028243.173623085
65044469.329767674,67401747.35028628,63611802.56626409,65083849.77185493,899698.3404718274,987031.3715029955,1049694.6180814384,1052081.7051682472
65363937.990521714,67755102.82162303,63974572.84479421,65323280.11594825,888962.5902963514,986195.8554888964,1063265.8896346907,1055409.1648573875
65790480.42913715,67968419.85684328,64403460.33445816,65941473.14074784,901074.9427247876,996167.0019961596,1064436.9355002865,1058182.0872211456
65796005.455039926,67675239.8925676,64287376.79592935,65858533.44636183,908063.7016855115,999913.4698764086,1060919.5793835716,1084026.8350162506
65477174.530359946,67109234.88138366,63813777.528510876,65338803.36649471,895523.4968057508,1006692.4338167906,1058999.605818491,1082773.6557292938
65443402.5830202,66847060.464782126,63704235.557870276,65250747.454555325,905857.8389631147,1000602.2125959396,1043263.189735034,1082508.1148452759
64855654.42045143,65985703.8252526,62908415.02020761,64592760.41568404,885408.3764196271,975107.2047446966,1030861.0299436686,1081082.0810546875
64935902.41477707,66020057.572875865,62957099.550596945,64635807.10500508,881486.6048603887,959686.6643794775,1030248.6703788874,1081082.0810546875
65109750.75242597,66177476.00975117,63128515.48465736,64721260.002618365,864575.60686835,956965.946313262,1019984.4774613021,1081082.0810546875
64928550.31112881,65833027.44787926,62786420.55478956,64567654.43285637,863027.6617141599,961022.0107129812,1023901.6710197566,1051296.0604372025
64988402.886389926,66350349.50598594,62970263.07271896,64729639.78912597,853821.4269719953,959282.1841567755,1022929.5612949965,1096570.9191265106
65241971.05931397,66782018.359414324,63532003.58415271,65165812.39271455,850421.6961890096,981266.4951018095,1015632.1159152625,1156142.7731218338
65547087.23875971,67356826.95503452,64141040.01644622,65886504.160100035,860016.0018773908,995230.2339323759,1018138.1306392787,1238352.2124948502
65665705.09301324,67660953.44286245,64507503.113668606,66153308.49109774,870140.5002880925,994588.863684535,1026234.4472481845,1238352.2124948502
66025845.15148683,68245230.89375728,65064815.25217129,66910232.518300466,863666.7569633359,1006388.5735453367,1029454.8066262839,1238352.2124948502
66075585.74696092,68594186.98677012,65025116.098284885,67037949.62791624,877687.5369253987,1000513.3058341742,1003027.4820522902,1238352.2124948502
66135114.88563354,68519077.60619743,65054934.986266375,67010576.728877835,896135.1618009442,1010942.9913238287,1009969.197945082,1238352.2124948502
67328714.32137997,69481053.87803683,65620167.09529614,68092052.1760531,872897.9018336171,1029426.4757980108,1019416.5718578933,1238352.2124948502
67865629.86205657,69682603.36000943,66001602.719258875,68571619.05790955,880965.7587242955,1032353.6366561651,1030768.8957218764,1238352.2124948502
68148489.63652487,69758392.1938642,66229086.45776002,68838069.00685912,890246.529234969,1043001.5031951666,1041864.3826183913,1230067.1861043856
67940771.1572928,69682793.98668134,66035916.85195982,68671946.3754695,894662.5936370725,1055356.5467056036,1030473.9127659438,1222877.439513051
67289363.73214997,69703568.99623787,65748278.05321381,68094684.10214692,893488.3805323476,1030187.1393874884,1028895.7639126418,1287014.4523838875
68251801.11432198,69769481.50888912,66266443.54521256,68997052.70376855,900117.9169860715,1042751.992277503,1042551.6519264815,1295840.4089977825
69473537.46181443,69792212.24826926,67252710.65842405,70336766.06738955,939142.4947601194,1053557.4142593145,1058290.6063809036,1303344.4506236045
69797882.3244715,69845984.14651625,67563705.07837868,70595539.92742068,946572.8239045972,1062981.7771285772,1057960.376692259,1325080.0053391126
69846338.18288992,69873618.08497459,67653870.90868431,70562577.91531698,944208.3698831433,1053616.1868499517,1059012.4462567635,1325080.0053391126
70388664.3565105,70052044.18051232,68194545.96356112,71409315.17082246,968895.6344352597,1051405.4573959112,1058766.5551291336,1325080.0053391126
70880715.89528039,70025875.66314045,68592686.00173917,71914165.91424803,973280.4447875852,1055532.7085784674,1081704.721070755,1325080.0053391126
71436807.99017867,70048629.12809756,68988278.10530978,72550944.3123832,970772.5126767987,1078066.9967559576,1078349.3184012203,1325080.0053391126
69934822.36472292,69820522.99776143,68014454.4633333,71089848.49484892,965076.265990817,1028727.4508918524,1043654.3263152833,1325080.0053391126
69821080.47074735,69815617.05400808,67908736.95360178,70833780.43059674,968190.7984672422,965302.2775179148,1044428.7605332728,1325080.0053391126
68996409.49516422,69752798.0570223,67301223.7949152,69942515.03392306,957278.7161126966,947730.0477472544,1028059.9890684607,1325080.0053391126
68185676.4677335,69656188.8292668,66736080.0706275,69152850.70105475,954491.7880559796,940861.4654299021,1003078.6985332678,1314709.8809952405
68937770.30599621,69635064.05169436,67562078.42567557,69985216.67711058,961767.6909528608,952687.8842619658,1002266.349094739,1363369.6296829847
68982303.08585915,69659792.22488397,67593934.70920669,70132878.82491806,962130.0834546918,949246.1708501577,1003501.1934887994,1350606.3809952405
68510749.73997483,69577310.9899687,66888153.93022571,69373721.83513004,942949.9648080701,936245.2239254713,970120.7672220579,1341034.0053391126
68068864.84613715,69532604.38854179,66265536.3477184,68758113.22970879,921856.8632212514,921574.6362837553,984266.7718390091,1308328.2566513685
67921714.4141903,69483799.37222525,66035083.728523746,68453559.39729413,907008.0735751027,929956.5689455271,974198.0186058888,1313114.5053391126
68255976.72535586,69741112.86435056,66772287.09970724,69156415.21835601,929630.9808512563,946345.8543230295,982469.2369813878,1379323.6296829847
67956662.65458262,70026466.4347558,66551207.85765576,68853421.34889574,929384.4455557698,943202.8126016855,1006042.689098553,1335450.1296829847
67911398.61949694,70065123.79610842,66390408.309272796,68676409.06924534,936518.930697524,927293.6388221979,997481.4311877579,1328270.7566513685
68291124.24978685,70063257.1833769,66804292.25010104,69075887.61914484,991752.3705530996,950564.2080494165,1013084.3272825854,1325877.6323074964
68309797.8118464,69790738.60199559,66826020.810205065,69138788.14744961,997505.2351961965,951496.955567956,1024024.8209338589,1312316.7566513685
68029260.22129846,69141871.97870299,66111758.34381814,68509193.74666294,1007004.4963465566,918463.7320133448,1005136.5586461879,1276420.2566513685
67979895.50221871,68783048.93859297,65719449.96776636,68110021.01349366,982654.8270350331,919733.9246975183,991483.5960045811,1228948.666003671
68243814.90852645,69200404.8340368,66175879.27433486,68519962.58002499,1011461.3114329213,932550.8667331934,1008429.2468175788,1228181.8722252515
68163542.45485798,68860211.1059066,65874079.170423,68272243.91019775,993330.5257197255,923720.1996093988,999573.036851726,1228729.579740968
68038295.1380159,68715657.8355223,65597772.71245831,67978068.48441276,1009529.4316836232,910455.8416000605,979244.6370664332,1229058.2118487027
68083796.8177455,68573653.27540363,65728602.04445236,68028235.32666281,1041160.3484545583,897863.479647398,978773.4111042552,1230482.264415231
68553959.06641425,69832757.8421892,66849387.14366368,68955654.30245695,1048686.3409834737,915642.5693767071,980521.874546829,1233549.4449562696
68507390.26666103,69266470.29178303,66814379.58139637,68980327.43683776,1056990.7614260549,929158.4356310368,1013218.2719960653,1232782.6457504896
68185899.68399921,68572791.91231307,66324974.948658206,68439406.89974502,1043533.449654662,909318.9462406635,988421.4681173203,1233220.823703256
67920125.47830975,68679672.7019866,66035908.20462535,68192270.81459458,1003692.3762045735,906019.6993916035,978178.0258533526,1232782.6457504896
67846083.06974965,68834853.56353132,66011686.75554295,68160667.17610057,958070.4588595266,914769.9398596287,982204.1761931856,1235411.6700482038
68115365.18039772,69241798.09148133,66221635.22622676,68403658.90885413,975106.7588848475,915024.2863209248,978281.3254685993,1235411.6700482038
67520436.47997,68348004.54548453,65474265.230389245,67705421.22462542,968633.5280893265,903052.8219797611,945256.5250486603,1235411.6700482038
67658138.60560796,68100845.68534781,65672446.50878308,67930000.36336693,981764.0578700686,920878.8355605602,968493.6457088601,1235411.6700482038
67947482.62217134,68027992.71723251,65924366.4826915,68241631.30811334,994451.5567689138,945880.7688238621,1007320.6581250961,1235411.6700482038
68096185.27091384,68576704.81249775,66316850.513920955,68672063.59440356,1012993.6960838864,954127.8252394199,1005546.3427031664,1235411.6700482038
68206012.19055626,68556718.70482148,66561152.15637453,68914181.40830255,1030695.2286425518,966143.3730762005,1003429.899266995,1235411.6700482038
67954374.08917274,68465188.76732256,66143999.82252917,68528006.74074401,1046078.0384964317,957309.1733920574,993749.3664997378,1235411.6700482038
67695522.38166042,67725082.96052642,65773071.51632757,68294286.13374257,1028561.082578902,963262.6543934345,990190.6511944095,1235411.6700482038
67658987.94096142,67865790.22581525,66004386.11839373,68320154.94530866,1044589.5066382559,959491.1027195454,983073.2965629855,1235411.6700482038
67514637.11075938,67957891.14659686,65897332.13244199,68182556.02866134,1067644.9426196218,932299.5010106564,954603.422161893,1235411.6700482038
67927753.14603432,68817132.80779104,66567592.94808826,68787953.7397887,1044048.0610243342,945316.6572010517,975116.5139282504,1248647.7972149518
68518170.39958124,70104845.80156772,67333939.7470277,69392286.52657595,1040996.5096971025,955763.6576373577,997060.8430450717,1260119.0974545148
68082805.24823794,69482660.46148442,66932397.54143504,68936674.04160634,1047969.2321344906,953190.0141341686,943365.4960864345,1282706.2170264986
67676463.26775351,69074458.45434554,66403239.78184143,68447910.67876905,1039529.0314210564,955183.6604793072,916018.9763744632,1395641.2736405102
67713421.65116006,69657051.23957153,66207534.353477195,68317866.18981096,1050902.3685527847,919688.3073909283,921580.8589762012,1395641.2736405102
67830334.75863837,69674290.0511262,66307219.04003628,68365043.24492751,1052980.307880633,935512.3111288548,900750.2386015216,1395641.2736405102
67296809.31032956,68998430.56298204,65707002.643354826,67787622.2667802,1041790.9998189255,932307.8935368061,900465.5708587924,1395641.2736405102
67698033.99322349,69461587.78008874,66226692.80340951,68269944.13200708,1021416.0536214198,948073.4421055317,900701.6162069598,1395641.2736405102
67164681.19355464,68943818.46037419,65733628.074501514,67853303.00471553,1008193.3506280269,942564.2251884937,900271.1377681056,1395641.2736405102
66705293.37452128,68467707.88888822,65391679.98589185,67483759.0653801,988229.3476487483,926867.1405289173,900319.7578509608,1395641.2736405102
66263496.40785458,67854638.76284431,64675863.220216185,66842154.7581659,971636.3095437373,921403.0675246716,899958.8943689624,1395641.2736405102
66355872.5526047,67934758.34292014,64643413.69428659,66756785.65368668,971798.1251565303,919308.9729397297,900389.2861231128,1395641.2736405102
66478621.74182131,68197919.23172031,64964768.11653377,67038832.06020228,973741.5754586543,935535.7633326054,901361.1007345477,1395641.2736405102
66240024.12591531,67533815.63652311,64519995.184721075,66694790.39722935,972931.8038255061,929068.7554812431,900618.3300436297,1361010.6758774486
66468717.22366574,68537853.999387,65303023.05648181,67176672.78996125,978316.6256486262,931731.061221838,900729.3774908343,1390694.0278805462
66557006.16417792,68320171.28544931,65353514.97217646,67240159.1027681,992458.796367773,951225.6613924503,881705.8580296794,1409112.4846571651
66243449.23387211,67634888.9973597,64732998.81397602,66834209.42701379,955917.6110383357,939104.5986323357,851724.5522864619,1350749.0189574924
66007619.414150916,67041297.948833115,64251238.829172395,66347695.014208,917244.4148217525,926473.930419445,851662.1202986995,1308864.4288538662
66049582.946262084,67024167.396354586,64275450.52627665,66236022.6015412,929192.3488389339,940378.2771315575,851419.117752389,1308062.041640636
66241986.961614095,67475961.2174564,64808603.01738874,66636729.08989159,929428.0655976619,960265.5364394188,854332.0439794818,1295171.5162929264
66291551.95820085,67420621.62037967,64904801.32633126,66707054.53237454,938478.2747842158,962746.0316407077,876637.6816604892,1256435.8140391079
66406046.61496192,67887805.32352282,65135530.94576914,66965160.160040766,955094.9045902576,956055.709809144,873077.8094142238,1288961.8035620418
66485810.126932435,67853174.77937567,65225638.33115442,67048192.284152485,950684.7512570705,965209.2685507108,855534.3388016978,1271445.0738638607
66499690.21818694,67998976.1549806,65271073.39578274,67106296.36554627,946800.4110585536,964758.7908391277,849512.9976394931,1279230.3035620418
66295594.009984694,67767725.28254113,65146892.631975755,66948267.69559886,929915.0928593959,955617.331336691,820400.1318858424,1292854.3441656795
66407708.82582806,67960143.09150155,65263132.83606364,67071128.04614124,936105.2138520564,955993.8470368101,827644.1934231082,1281176.5738638607
66537049.34906762,68415295.73204032,65381624.43603572,67361816.13699916,921566.7388817157,928512.6423173745,858638.5785716334,1308424.8035620418
66714958.99914589,68722773.6022645,65632645.383937694,67601754.15471634,911704.1296860065,939364.3416562874,849321.5669811526,1341511.8441656795
66573901.78772596,68528030.6591891,65501168.629851826,67538241.41372818,913734.0964580859,937622.4416929085,858668.6683543483,1357082.3035620418
66105158.329641275,68161657.62951879,65135307.197605975,67118977.26909372,916604.0411163653,932915.5114904244,850862.4655059138,1333726.6887129513
66434671.56570925,68590087.7432417,65403478.91971825,67578708.9360897,951367.182614931,941045.6875820954,857889.3203008929,1355135.95901477
66122243.39989963,68283800.72484216,65152859.08312973,67386011.19381869,920043.0800148334,938537.2545028527,802368.4909060756,1442205.0581181017
66658742.82963911,68762723.10206218,65595929.197519705,67721057.45843545,921483.49216617,951355.9617009957,802623.184302167,1485739.6076697675
67154616.97754589,68914130.56179515,65962734.51553488,68026436.75558886,929508.4147459354,981456.9237685998,806984.7765801707,1488661.9680060712
66943370.18139663,68501791.57254395,65900490.449847974,67689716.03492758,923077.6175886478,983867.7980976899,804103.96014388,1450672.608233389
66965797.72387686,68771406.37327999,65838957.45796837,67388033.77345392,895514.0910850848,984462.321698745,809574.4666112224,1485739.6076697675
67453604.22812143,69157935.73717836,66122852.91188372,67665502.63310218,907369.8248726215,983660.4912315209,812846.9007457057,1482817.39451116
66899779.489399426,68769057.52566034,65598188.83109815,67119002.02119493,891263.2550140704,973420.2846456368,807730.8397858897,1459439.3948869077
66720561.91301836,68707885.02620971,65427983.38641046,66967985.758721285,896400.3376442279,965397.8396082718,801168.4940360347,1485739.6076697675
66352512.53497185,68645009.35516652,65193731.16959912,66595229.86820914,864574.3500534381,944791.7058292229,792654.3076117793,1491584.3283423749
66474108.792304486,68606001.98196277,65258293.67412156,66685938.129812986,866476.4504486407,949797.1560602982,817721.7183173457,1468206.03436273
66020667.34897369,68315949.82513998,64797117.87312529,66285964.64468842,864742.3928238238,942601.6197863419,818343.1243613521,1436061.248084959
65862010.66294611,68110305.80135222,64810394.390173934,66307799.695552655,905040.7200065936,936306.8011275132,822578.0250266353,1406838.8221434918
65777171.84017036,67885859.15493205,64684031.26207323,66276389.611334875,903130.3062225665,928494.771517833,822773.8192160884,1388124.477212843
65871675.28906865,68113146.84349185,64858312.23786029,66367916.90232622,899383.4786440219,930674.8998747666,829475.5236457149,1385775.4474810925
66001443.18040615,68292428.9693361,65180071.36852893,66546874.73003494,880942.3998738612,929675.7456456025,834191.1457770625,1395171.326368269
66199290.50801188,68375283.56101361,65492250.89026759,66842205.24504577,905432.571494707,932819.9295273621,845261.5842994014,1395171.326368269
66398980.12016398,68687425.46349496,66026454.14531806,67157874.07646859,900332.1054731692,944776.1404143174,857293.4145758906,1421010.2933577863
66743682.34788185,69348165.71507926,66578060.918657675,67491636.96040308,898088.1142503108,969918.2223454316,859227.8388312617,1421010.2933577863
67248255.23586771,69724179.53327432,67216056.09358507,68113441.92367241,918882.1519376124,1011803.9593067963,869875.9778083125,1446849.1403273907
67122720.24571666,69829518.87442356,67162537.2559902,67985242.03808662,915921.4859682407,1003450.3699971039,861681.9557746211,1467989.9278334943
68268106.9463748,71357755.94135216,68432497.54673547,69413218.88812134,921997.452266344,1016938.7848606904,859696.4063666621,1531412.5303916303
68646791.61527461,71654812.26151845,68743064.7961466,69894119.35129365,939842.0457335796,1024535.7776738007,869236.8904059688,1531412.5303916303
70818146.69459373,72354969.21577689,70654060.00535461,72118967.78303966,948545.6687103595,1024116.4121418793,873436.0855124751,1531412.5303916303
72981841.97022328,72726597.22275853,72585440.21563777,74336796.06750485,985741.7539664592,1048922.9792805512,896383.2015383998,1531412.5303916303
74804821.18048361,72787440.4240467,74363818.84761342,76391560.63216573,1017833.6221104945,1030830.417167743,894134.5884192744,1531412.5303916303
78843118.8481209,73010470.13418783,78061628.95609769,80615951.65028137,1042980.412706026,1074072.9420452912,926470.5761721889,1531412.5303916303
77086790.5378142,72984547.33077288,76456749.5351679,78769335.87756476,1011022.0735069598,1057157.413876613,896654.0200484553,1531412.5303916303
79932750.96484366,73039368.27938685,78802267.22027132,81758230.26035017,1049113.2958504045,1062385.207108577,901832.0222342769,1531412.5303916303
82280040.0411433,73072407.40725166,80837424.2298058,84221364.42031306,1051121.7446953142,1067299.119229396,898775.4939311305,1531412.5303916303
75150536.88401178,73009266.07668366,74383130.68804905,76719191.1419527,995995.2976623859,1026385.7531243165,858930.290157632,1531412.5303916303
73880464.41848129,73015221.17497486,73377228.21655247,75539110.10540712,976134.5800110187,1014499.7775927384,858930.290157632,1531412.5303916303
75736501.1669038,73052004.86044586,74913600.67319235,76553660.09629375,937536.8670059528,1028056.0893035729,858930.290157632,1531412.5303916303
74867151.142679,73105330.38432641,74151161.84547815,76306654.1642169,878641.0310933973,1014906.9207759697,858930.290157632,1531412.5303916303
72590327.47569546,73020128.63301548,71986580.95426771,75171923.48979032,878641.0310933973,982797.5718704064,858930.290157632,1531412.5303916303
72421036.93775141,72983972.2687031,71837351.11674294,75054727.97949392,878641.0310933973,989569.6762882073,858930.290157632,1531412.5303916303
71865456.909471,73017934.04992431,71183901.27856609,74782203.42844096,878641.0310933973,998312.3564651806,858930.290157632,1531412.5303916303
73917639.88006619,73070897.56578329,73534980.97551045,76275435.16095069,878641.0310933973,1035591.5944340427,858930.290157632,1531412.5303916303
73533440.44342354,73091301.94146773,72615018.21298465,75784637.75148872,860705.5916192915,1035438.0882725914,858930.290157632,1531412.5303916303
73676990.5835506,73069932.81885824,72844777.50663564,75767529.95052376,865422.161268511,1048152.4721013505,858930.290157632,1531412.5303916303
74058068.26726356,73102554.10726736,73432104.85291895,76102338.05630961,850383.7351878072,1075035.6613284547,858930.290157632,1531412.5303916303
73563007.2907261,72920382.61015859,72518436.05116865,75659171.83554223,833002.7528832342,1051851.105414768,869313.8128066817,1531412.5303916303
73933545.25025243,73060960.02870873,73140635.24325511,76083029.58710355,833829.6600382711,1079378.9984682996,884690.5053823749,1531412.5303916303
73849485.94029534,73019719.71089622,73044794.17548874,75843319.97482078,820851.3593752767,1069521.8115152318,884297.7833250323,1531412.5303916303
73826214.53398432,72964536.26501086,73087398.33117935,75708621.0846443,831575.2190924074,1052335.7616104085,896364.4807717958,1531412.5303916303
73343457.8610881,72323241.70612237,71842208.11608931,74706146.1653476,835826.81101326,1031466.1644910772,895130.2157333056,1531412.5303916303
73210473.12326041,72141563.71507064,71451937.7623525,74527423.55565788,855213.1848338033,1014412.6260045965,880819.3973081866,1531412.5303916303
73180087.51692685,72167765.609238,71682234.52208427,74795165.3093338,873168.9132547762,1017807.1940597494,892998.3006675402,1531412.5303916303
73417020.24790466,72474694.27829152,72136113.70463833,74986991.74026947,873168.9132547762,1036139.4967941244,892998.3006675402,1531412.5303916303
73685485.35328268,73463978.46326098,73535813.23388109,75623785.97323054,899361.616918286,1045509.6151193578,880819.3973081866,1531412.5303916303
73275704.42600292,72671991.54276845,72327277.79665396,74770180.38675511,885080.8531292494,1031940.959091564,904179.9343385855,1531412.5303916303
73858303.06517449,73132987.03183785,73361306.52243039,75259486.37406066,892165.966099122,1034615.2563456495,929982.8783406178,1531412.5303916303
73543330.38180119,72920526.40468097,72929105.1167284,74886648.76168466,904198.5027810237,1032722.9810408552,881205.209651784,1531412.5303916303
73094358.15924054,72734864.14890471,72480634.2230005,74442134.2347275,934057.6969106919,1018045.5562418897,891859.9668777147,1531412.5303916303
72119856.02379504,71908723.7174285,71071998.40256616,73175528.46554527,909551.2621070865,1003093.475167175,902719.5232286612,1503163.1215018597
72127802.24779502,71857943.17968652,70985242.51278636,73339597.8149364,922497.6747730277,1014256.0170887907,902719.5232286612,1545537.089504179
71536317.22816142,71180273.29692087,70039923.69999263,72483988.94178706,891324.4074674126,1010190.1598853071,902719.5232286612,1531251.0661010114
71481182.92383948,71300032.32738817,69920748.9218063,72431411.84642375,894689.3521900101,1007874.7151752907,891280.8496864,1504795.1346492139
71513449.32247443,71359128.84844455,70279198.541064,72699983.60090232,917613.8883471413,1010307.5190202931,902768.8634596029,1507829.9515942899
71525699.25611658,71620848.05226931,70561914.83127257,72859851.90945603,902837.2081360741,1003009.410357408,890836.7611644426,1523665.8975781766
71373209.45532864,71872700.24242327,70447450.99499711,72725380.70547903,891915.3952715321,973253.5316764901,854004.1599381724,1538570.8635415402
71185562.84421021,71838928.70414808,70155471.36211404,72482990.88632445,885112.3381502553,961016.0080624844,853510.7245744029,1536799.348300871
71129866.98595047,70967748.79018268,69043430.72944579,71713891.6905888,853524.4039771481,927142.8298941876,852721.2312978068,1519678.6244258252
71122827.03031206,70937161.2833395,68897729.35973915,71556735.26795094,853657.3753001614,930975.267191055,853412.037501649,1491584.9957188931
71048133.04169321,70919554.73351705,68704461.2218605,71362429.25237322,853790.3466231747,928464.6026603009,853264.0101979533,1519195.9307641354
71287268.48074913,71955262.16877714,69642132.56119952,72091734.24388885,854765.4796321316,943880.770016792,854152.1872418681,1535829.6212310162
71149484.5806278,71327991.28364113,69183224.624055,71570116.41187263,854854.1343047543,933451.5586453702,853461.381038026,1506838.5525397626
71243110.60937554,71494064.6538806,69489108.53603444,71807652.1894361,855253.0482737942,948940.600133064,854497.5919965068,1522661.4954661694
71332618.51638523,71906921.6428903,70010030.75090823,72071409.62006715,854410.8908622189,951178.7919207837,854596.2790692607,1525131.3263167706
71387712.44988117,72505351.20659909,70297635.98264226,72468223.47368647,844310.7729384823,947575.206017616,843315.7183316508,1531252.5480164853
71354923.54879627,72547004.3317396,70291130.92924425,72504953.7259041,837607.810543768,956218.4283906247,838572.2563355723,1545377.397793707
71299781.8406578,72132434.45361048,70010979.90638253,72280256.68294978,836001.2545845433,958734.0558282163,838122.0392869273,1545377.397793707
71797524.46925268,72797308.5586907,70737819.20888767,72935790.80157149,844079.5510451718,1006920.0553771283,851785.0489171306,1545377.397793707
72791494.29963958,73986441.68615477,72016897.78579053,74132932.14095993,878883.3500935956,1012776.5966712262,883957.4458783427,1545377.397793707
72527603.10181135,73749922.11847532,71860264.70741746,73909297.24065398,858134.4121901913,1009446.0419493939,861521.0154851237,1545377.397793707
72297257.90263525,73433637.3863905,71614101.7861358,73687432.27903716,868958.3536317273,1017699.1091910626,873691.2568677226,1545377.397793707
72939714.80047831,73871104.67956474,72244900.06141242,74304707.98170999,899213.9692790433,1024755.687651756,903619.818417863,1545377.397793707
71768528.5826483,73008723.34927517,71309237.96804711,73372999.77533394,856544.2023627682,1017176.2250548627,863798.4441922465,1545377.397793707
71496376.92329046,72899643.00606662,71053178.94116125,73268150.11288904,845820.8912374898,1030498.2841559674,855069.6389420787,1545377.397793707
71198392.2674231,72848815.3607759,70744492.71559232,72960758.20197189,895062.6436166688,1030538.1366606976,851195.1652882854,1545377.397793707
71576398.19595477,73201167.26269537,71209890.32652763,73421979.24795616,855649.7062618273,1035113.3145362164,851951.2449198524,1532748.5496186581
71338985.6159603,72921969.87940606,70867751.48719695,73102782.72791417,876169.332195035,1033862.8767577435,840282.0056002894,1526434.2459687558
71153021.73539986,72884435.0192716,70974583.76021177,73039441.58383387,895719.5265528107,1029307.4999610211,832166.7349446574,1475918.9737061826
71581370.9611398,73027402.99412692,71411777.72823206,73518675.26351047,917385.859524239,1035269.1293555524,822758.200665907,1475918.9737061826
72125023.58862624,73432562.90139636,71914893.86942986,74025859.51247646,896970.9937244111,1040341.2582274701,822260.4351552287,1475918.9737061826
72352113.86577922,73528272.32838379,72027492.61565286,74236494.50164677,926618.4559235998,1041156.0724936749,819335.2055435935,1475918.9737061826
72348768.86276168,73454268.45299104,72000580.85953785,74151946.82522349,993461.2915565417,1042724.4317580487,824480.0044271508,1475918.9737061826
72227843.48613217,73489332.0619386,71879868.16810878,74014626.19428036,1000452.2620851443,1043333.2703963544,823494.7927642623,1475918.9737061826
71457862.01905221,72785110.647681,70671310.49684733,72919477.14647338,983327.2991678164,1029124.4215880658,816607.3069630424,1475918.9737061826
71626658.05273347,72758629.49096206,70936437.01427536,73114806.31229311,987308.0619985507,1027925.3641959454,812279.0169740478,1475918.9737061826
71644315.64293824,72756838.2578074,70859167.06654301,73216391.44405514,990409.8184081957,1032928.6370574262,804806.163419799,1475918.9737061826
71327768.76495247,72607662.10042757,70496958.78806958,72989236.81000608,985727.1964895175,1007095.1890288617,801552.6032905141,1475918.9737061826
71226464.63941316,72213121.35421786,70229468.73080438,72780759.03982338,989548.7709810183,1007694.1800581242,801942.8141002217,1475918.9737061826
71253726.57202439,72164123.97596544,70326688.35969275,72755606.00535229,985966.9535848544,1003697.325530174,801942.8141002217,1475918.9737061826
71118417.20487414,71728230.10261895,70098904.71108362,72473308.47356084,978127.4572288439,995998.8298908498,800772.1816710988,1475918.9737061826
71076006.25262035,71511193.12957366,69967178.31237677,72416803.20870307,984668.839013283,1008968.9647670074,800772.1816710988,1475918.9737061826
71252163.26740086,72383991.17001525,70562007.7029033,72743948.27978069,990594.9059678958,1024306.3511725123,800772.1816710988,1508437.300348219
71277966.86575136,72311112.57612754,70715813.19231741,72773494.9405888,999104.7914182589,1047841.7578042257,706552.9177268157,1523740.0592812863
71388054.07412305,72510720.14491895,70990205.6494068,72909378.75480592,1012678.1800653384,1038457.3681257984,681953.044240416,1554345.48090547
71601216.73664455,72944039.18855911,71492561.55897357,73231539.94671157,1000717.1439811633,1060486.2963398234,831211.7346083531,1540955.7232322064
71776553.63972157,73408494.40162282,71855616.84740087,73301696.96279263,998352.4030115054,1065557.3733433024,885276.7415663609,1561997.0047349301
72041750.55377479,73667905.66432697,72312299.92123201,73611268.0079006,998773.3871747897,1089935.077116801,891047.7031504521,1579212.4762019482
71593004.91205713,73035398.7484678,71668139.4220926,72974791.78099355,989471.50057811,1083797.634310557,854114.5164820561,1563909.717268881
71347832.54255389,72716886.54704171,71401311.90390307,72723944.0823111,996209.41393203,1087860.578217341,852510.8197333226,1560084.0997170773
72007080.13298883,73237922.82893972,72044094.74937698,73377607.003981,1014574.3261424945,1095358.2687738673,877326.1469542393,1586863.8075475064
71998996.76430348,73565601.57765561,72054532.31728886,73415022.28858122,1019723.306474869,1096260.5019076602,884383.8770892033,1586863.8075475064
72119100.59016234,73512027.42832431,72117500.54592754,73416368.6252487,1022538.9015972064,1100871.8952463404,883619.0910746465,1586863.8075475064
72004964.78467192,73322002.97702841,72144982.06440225,73502692.51935375,996782.5393058703,1094000.0366829173,860081.8569456944,1586863.8075475064
73426611.8736884,74184870.13621363,73400992.81534965,74838907.49801448,1030603.7585441516,1094762.6837776438,918472.3450152287,1586863.8075475064
72871006.06624582,73927646.54527563,72934027.30803601,74319626.73184127,1019364.8618795321,1097701.8257220523,887578.9663874516,1586863.8075475064
73961235.17221153,74401934.11350982,73887521.6626556,75363026.4461711,1022299.9590169833,1101283.345897986,899070.24414605,1586863.8075475064
74528524.48390596,74444637.92501166,74407659.98541737,75905656.58942316,1020992.7654773638,1130563.2542951838,900763.578718842,1586863.8075475064
75301789.13640572,74564328.66878852,75133267.32548866,76585278.22605222,1030203.6604453967,1128939.665604426,925177.3382937321,1586863.8075475064
74402434.8239988,74272356.21318927,74377062.9318837,75840648.31302452,1021206.2213680194,1104423.395402743,905854.3738257298,1586863.8075475064
75528078.7492901,74683928.55702025,75452248.12822577,77064730.3966682,1022259.6314594195,1133375.8315275447,897457.8871523747,1586863.8075475064
74919111.50823914,74663067.35953125,74879794.51933087,76458190.80511731,1008120.9255086825,1123578.3285029666,871778.2772714505,1586863.8075475064
76858306.65735899,75092212.23833822,76672311.5221213,78139264.08631104,1005514.7779781268,1131400.4305818812,932945.8210074315,1586863.8075475064
77456389.79357898,75076256.59287831,77326766.92596903,78746421.52417105,1022160.88247699,1145437.9101250903,936938.3774458775,1586863.8075475064
78285446.50484298,75118859.60991225,78255636.29431039,79636126.28233165,1033981.4419996188,1171215.700868918,1018095.2022787938,1586863.8075475064
78853766.21262875,75044232.29161577,78916314.75156352,80334246.56116527,1036543.774475281,1177488.4390404955,1017505.3046595464,1586863.8075475064
78060586.90223747,74946880.3645279,78086541.27136387,79524612.7936222,1030425.4053937838,1164080.4530661837,1014156.2737185368,1586863.8075475064
80634141.900565,75139771.75994861,80401360.82971016,82085209.50289577,1032698.6332218096,1162841.449291064,1077785.5716635594,1586863.8075475064
80244265.92859432,75336156.63397342,79946697.55574958,81579693.5859763,1028266.7942239688,1160477.8235867755,1051479.4175421605,1586863.8075475064
79523539.91738832,75337852.72282408,79259703.69860522,80827089.43179506,1022541.9681808398,1165599.671042277,1050838.5713412175,1586863.8075475064
80967683.81523402,75492594.26552767,81134407.64032295,82614750.422467,1049150.6730253147,1183505.7207740084,1099273.3224722752,1586863.8075475064
81004619.69365159,75654663.95446597,80972216.52390483,82400642.11904359,1056299.5524484562,1206767.4665539996,1122346.3531710515,1586863.8075475064
78506420.10735741,75466454.61163038,78405649.89601068,79768078.4014408,1047270.9428989337,1201236.1728781,1080386.4354302296,1586863.8075475064
78347383.170557,75456114.17297053,78247497.2383942,79592170.66490144,1063663.1874143528,1220188.5030463473,1061768.4504792104,1586863.8075475064
78100572.26765142,75332516.7363812,77944721.04860318,79380432.77949327,1068429.455574219,1226991.8969758288,1059570.6889874348,1575859.8785938588
79741123.38881047,75709166.44189966,79880646.95629129,81106184.44785988,1080083.569344704,1222214.1086481349,1086736.9118973622,1597867.3653330174
81035491.9327093,75787952.4424304,81589462.96477246,82715561.18483388,1078580.5634624409,1215358.71102698,1087303.2639119038,1608871.294286665
80926347.70241043,75802513.58296007,81447844.25831439,82553609.67342126,1065652.1855594562,1193626.996795489,1095886.4567124257,1616207.0613383618
79780837.02336961,75929407.91079059,80381042.41249691,81514825.72470462,1061307.877484505,1190488.4109495417,1056129.3095452199,1608871.294286665
80489354.98844208,76171636.9124199,81138149.08665621,82290644.00816424,1048768.6383993076,1180082.663179709,1062229.41876191,1608871.294286665
80075310.46417366,76453460.15413418,80726922.0655905,81911886.23570724,1060303.9751951145,1194623.2894380824,1037267.7541596303,1612539.1778125134
79455032.82874969,76583069.76086392,80150020.80183917,81222199.4472588,1035901.6946833626,1195641.7273510233,906146.2435715059,1619875.0376562444
80446538.56262615,76528240.73234627,81671553.95735973,82544971.40364379,1051196.6774333017,1187072.106908156,897089.8139660219,1619875.0376562444
80711753.85191786,76723678.690891,81814200.44361508,82749091.12085302,1063228.827395727,1192827.8987739817,893261.7723510126,1619875.0376562444
81662632.07570076,77021608.91627355,83297893.28349,84282761.79517636,1066723.3820708292,1178342.70915301,896962.8392441133,1619875.0376562444
81746226.75165471,76950531.4503185,83185809.76898944,84076255.42172326,1064561.223663141,1192262.3177750842,892094.125209556,1619875.0376562444
80767953.62838545,76741411.479101,81985316.2215178,82765538.08099298,1063731.832106878,1182267.5629800097,881165.7795545915,1619875.0376562444
79167121.68440545,76597141.86512028,79967092.4679237,80809922.280826,1047558.3354151741,1162102.4545663134,863854.1439416269,1619875.0376562444
79580496.92522365,76502177.58437085,80511299.41386133,81205415.01126936,1064226.3885815637,1155256.585921599,864109.9082238534,1619875.0376562444
78476396.43156019,76345449.27666782,79094551.18961942,79995966.5948855,1059399.1980374353,1133226.4261937127,862234.3211877206,1619875.0376562444
78412228.86201155,76354544.80176426,79228513.1893422,80068046.96883085,1043397.3172987,1127322.2669914202,862234.3211877206,1621506.8147711125
78838732.22492582,76408784.83295934,79750137.20632392,80639837.21901682,1046302.9772589699,1134596.3578064875,862234.3211877206,1600292.3534826604
78817171.61655992,76377489.48228042,79322192.16085869,80426290.76201013,1049581.3109992044,1131268.2436993555,856895.8948771814,1590501.0113958684
78643566.91410455,76176072.1557452,78401498.69731909,79936307.71377161,1054286.701528837,1128892.945320684,870496.2438485483,1601924.2664770451
78875947.12663022,76368800.70476644,78939608.70781088,80328829.35935798,1085096.5850079553,1138002.714629461,898971.0931603769,1628034.4667486516
78817203.57083635,76571079.1565582,79221787.01563281,80541179.14762953,1101126.8117111223,1127859.4834293853,904647.4623525003,1634561.8469671574
78471916.75703616,76299400.83507363,78304675.11205149,79839444.76256582,1082350.057237436,1111298.7252916824,902359.932359443,1649248.7921575871
75201858.0607217,73867280.18972294,71155682.44451958,74646990.14157358,929810.2679665581,1035368.9925708304,738573.7128274301,1639457.4500707951
75441058.90225376,74552459.4543864,71408557.33427304,74686176.62007418,929585.4006226555,1036277.0291092227,738573.7128274301,1598660.4404882756
75425927.75371093,75140750.06965916,71605326.58950049,74694732.18341413,929360.5332787529,1022301.8405353854,738573.7128274301,1592132.7885107365
75561388.37285727,76383094.97601382,71733988.21959549,74735893.63511673,929360.5332787529,1022301.8405353854,738573.7128274301,1616221.160039362
75711661.62105711,77238822.81767456,71862154.98423904,74707884.50991073,895033.5244744316,1022301.8405353854,738573.7128274301,1619463.2118234006
75708101.05955166,78699194.09019844,72093250.51482461,74827134.01540533,910996.6385387211,1017858.9961348345,735364.0439848492,1649546.7350744572
75653444.83566093,78774307.26145498,72085106.0746734,74730293.62802418,923362.3321487969,1049527.1642899793,758465.0494483052,1650108.1561173764
75488897.24935873,77741501.32925026,71948483.35450435,74667300.4057426,898677.0686477978,1043994.5590367371,754617.3847564915,1650108.1561173764
75623534.99668247,78447668.99833338,71990638.41186868,74749519.20479582,914483.7584557659,1004508.054180639,725968.0991322828,1650108.1561173764
76128482.43392916,78889807.8084654,72360502.22244374,74998479.34349139,920178.9700183531,1016356.2884458617,734216.8072710681,1650990.8522137967
76044664.8374897,79789029.83293764,72354842.73906627,74948812.31902014,934462.4216327508,991413.0746502343,715724.6446747872,1650990.8522137967
76103844.96035933,79391016.34237473,72454926.04806304,75047704.46553941,934453.7117427029,980977.8939900531,708314.8450924832,1650990.8522137967
75886999.86557052,79494319.42078774,72455716.71286747,74840933.83107042,939415.7047560848,996628.1840161892,708461.7563902069,1650990.8522137967
75788458.94150102,79527669.39783709,72278958.17932427,74613514.42494452,938852.396407906,999488.1399212583,708461.7563902069,1650990.8522137967
76022489.07313348,79583545.11753313,72351464.93599115,74716887.07258248,946076.3788803257,1021090.9025475319,709196.3106896806,1650990.8522137967
76490315.70488863,79731804.66682427,72389459.35344154,74944137.01518193,949497.0014966168,1027408.7615476655,708902.4880942333,1650990.8522137967
77347857.29975234,79966690.3133363,72454399.72844562,75446187.14944108,950042.5678470768,1024242.1804015997,708314.8450924832,1650990.8522137967
77417345.22737667,80225737.4730386,72410584.90883479,75196932.08902258,961789.4946358837,989523.5030088543,707874.1111993123,1650990.8522137967
77347781.595748,80247388.85749237,72283931.75719874,74850053.11524385,961762.2037766613,1015266.764234871,707874.1111993123,1650990.8522137967
77483399.31222329,80350589.21274655,72283878.33296996,74930509.76019476,967330.009841267,1028488.8236147367,701982.6103448201,1650990.8522137967
77773039.84086387,80363483.8551759,72326558.43290734,75011878.39080794,966090.7406151928,1025000.1166311525,716466.4353646565,1650990.8522137967
79055796.09444015,80740843.01698664,72232180.77763468,75824743.88300574,977994.1657403149,995999.4461401121,729785.3235482502,1667130.7920095953
78191878.49867977,80550213.73490615,72044657.15272567,75047309.62118074,965621.3341630138,987530.0391443388,726182.5450372029,1681998.0182318636
79403095.51042213,80761896.77670945,72459393.11566648,76026758.65176176,966777.8540681042,998495.46881658,718477.8218392659,1643889.3436799294
78883149.90375556,80497342.16361578,72346658.51661874,75594006.04493797,960834.0555489697,1001076.5797088759,707055.6516989995,1614679.6522527353
78908685.8202926,80389734.96998236,72439313.46043004,75561240.2643984,961780.3530228771,996153.7652404921,708475.8635510731,1630586.430135682
78832353.80973329,80468348.21797909,72439628.91380228,75558135.320571,963479.7404778637,997285.3241108076,713220.8829325963,1632195.622645873
79685398.6034545,80669451.99234042,72941252.37394823,76281755.1256528,975738.7858269848,1002608.4493816511,726307.7854308415,1633424.3960849163
80153386.82123414,80738944.477842,73240355.24604477,76678864.55689563,963332.5825303234,998888.3427484648,727755.4128484059,1669679.9802356223
79466598.65987864,80432194.58895443,72963906.91035093,76191113.36973515,962348.258014027,992696.8196781294,710784.1392697621,1559180.8972442322
79751554.01641312,80439215.79902755,73122436.62885036,76379211.34582087,964056.775290791,993173.6098306791,712850.4062632847,1559180.8972442322
78907975.8670329,80426154.31099649,72666811.99529357,75686613.30148575,963772.0784638561,989420.7759531157,724307.4813327122,1559180.8972442322
79375380.79389364,80465013.35406949,73004812.75435312,76076332.67267725,949915.6556122936,984607.261659445,725717.052360468,1559180.8972442322
79465329.08906451,80484970.97078648,72934449.99881668,76245331.46782249,947666.7388680615,1000948.3361479656,729892.5459641743,1559180.8972442322
80111021.37193593,80790402.78017882,73454598.12363596,77118923.0333777,946247.2485497631,1008375.1488086001,729697.0538873005,1559180.8972442322
79753434.0176776,80549223.74703446,73236682.5205627,76651524.51990283,959059.9156678356,1020378.4521771686,738603.2437838841,1559180.8972442322
79393240.91596195,80400395.14346932,72995800.22284038,76327895.02445966,965454.7825043835,1014686.9941808002,729418.1185988713,1559180.8972442322
80664890.9899589,80590728.64574765,73707772.07407619,77945698.01878923,986870.6528237499,1054745.0455437915,736594.4524525929,1559180.8972442322
80905451.93163826,80688988.6828516,74076375.05811478,78124428.65263528,987271.8594048657,1035809.0887051837,727328.437178545,1559180.8972442322
81106380.88217093,80982875.76557368,74098161.5056298,78273523.04644269,1007523.2993806042,1052240.0391713397,734206.8388222981,1559180.8972442322
81346349.3647966,80769516.9833605,74218582.14281215,78463414.36338979,983238.7443078198,1058519.3973485248,741792.1989573765,1559180.8972442322
82155408.95781316,81164481.57523447,74683487.43365337,79180683.40245241,991533.6462243237,1066616.1634198443,745334.1482018757,1559180.8972442322
82197300.86731444,81135730.40236625,74897477.44971927,79106472.27943802,988835.1296456493,1067894.8364449756,744301.2520579625,1559180.8972442322
82465022.89988638,81105774.45505248,75144293.87586571,79449311.44544333,985190.5586045422,1077857.778274657,745704.5209855366,1559180.8972442322
82486749.078135,80878092.4060338,75236597.39903124,79158866.96055055,993498.7861092724,1094344.0368386523,744777.3001899052,1559180.8972442322
82191945.63047265,80612942.74007122,74950097.81519325,78751931.64223123,997161.5061219372,1099623.1184560077,744690.3340234089,1559180.8972442322
82748254.55273332,80752675.62716655,75165657.95460226,79415274.92523092,1002295.5581010021,1116112.800722243,743440.1313847828,1612081.626794117
82166692.82211651,80731175.82322194,74695461.94719745,78947716.65040821,1001104.7374261059,1116320.7584439532,745980.8862838078,1559180.8972442322
81731045.72081198,80554300.90477142,74388234.67091562,78434629.99110931,984792.7906945385,1132152.5805913226,751627.105522089,1559180.8972442322
80782261.979903,80284796.05246697,73678429.65041234,77371234.98140067,978733.220855061,1128835.181467177,749887.1111373234,1559180.8972442322
81325623.50101973,80492892.48506385,73961463.90954472,77950860.31138915,980716.3756631054,1142331.6909276263,758586.8768843937,1559180.8972442322
81855733.06333022,80649292.78743312,74334621.72662516,78260128.466797,982522.57545406,1175006.0646229999,780336.2568892766,1532730.5324692898
82473095.43316607,80765537.7819499,74902631.5391237,79112503.55396807,995411.7943642773,1178340.1811009662,781927.899764948,1532730.5324692898
82935280.35230969,81205236.23120452,75199534.99108975,79670313.44890702,1004879.9363701977,1200648.8262692706,796461.0827483464,1612081.626794117
82676023.09074186,81143621.47537978,74808145.56465094,79473261.8161236,989409.8064034618,1172134.123453261,777078.3539008427,1612081.626794117
82759260.64114775,81139873.13962434,74869922.0819935,79589352.17797053,981882.7062218823,1169526.248994948,775856.1375684071,1612081.626794117
82597898.09616213,81048074.88763133,74712676.0508384,79311971.32620203,977139.5412820019,1154753.411344649,765146.9366730977,1612081.626794117
83153308.4846866,81118121.4871016,75122338.88607638,79699237.89393389,985988.654826466,1166932.6240445392,769401.1822470952,1612081.626794117
83286572.47191201,81180185.7457915,75343360.27493708,79738428.27211916,994869.5145257153,1188532.2672444598,785454.2935771275,1612081.626794117
83418406.95209256,81019808.37385568,75428989.70142452,79788658.03116095,998124.068927113,1182172.0675259845,782692.9180812169,1612081.626794117
83072761.61962478,80957165.19518608,74958469.81193487,79446604.57451212,988615.5030472912,1176416.1731168048,777844.4536093998,1612081.626794117
83442108.01232499,81051817.08042185,75217989.88770287,79971150.38016331,978728.1338723339,1170104.9210034625,774896.410034113,1612081.626794117
83103437.95608439,80965677.23936482,75026097.89499228,79488566.92182124,967859.5624726452,1165454.7381306903,775103.3864478398,1612081.626794117
83447099.77940279,81073283.51748121,75113767.38458279,79718444.9364177,968349.2701657452,1162136.65106404,773209.0385283757,1625456.909932869
83687587.29500252,81150798.88147229,75305922.48207685,79889246.95759785,966526.5363820232,1156821.603532912,770255.9330291081,1605393.9032170945
84181064.70303781,81324406.64549433,75803920.42867601,80308523.72285903,976899.6861718334,1160055.8793622272,770926.0372256566,1615425.4065749818
84703387.18950953,81860840.85173959,76347416.30302164,80679845.19100535,962703.9087346233,1167927.278017165,776098.45719903,1602050.1234362298
84640847.07256499,81923531.40797065,76222905.52939807,80579112.85550538,959025.5146802105,1158590.1436177508,769243.5863532353,1588674.8402974778
85207861.85237819,81985754.67809485,76812176.81571397,80919893.28122173,978185.5250237621,1161942.2932864444,785461.7206973362,1605393.9032170945
85827688.33395657,82204103.53323458,77339377.8193423,81576648.83048597,992471.4682210125,1157837.2830020206,795559.6135920811,1605393.9032170945
85945946.17309612,82409761.00129746,77503889.02326672,81769743.72387676,993557.6808179058,1163220.079846503,803480.0089244175,1622113.1301520043
86449815.81279922,82546962.24827527,77856853.0533388,82088005.34778593,1018760.1985161938,1180869.9602586047,794266.0974387455,1622113.1301520043
87042707.64177355,82755160.35850523,78199817.61039881,82752786.99066558,1022826.549187962,1191714.8051053302,788627.3808039952,1648863.6964295083
87414439.66834408,82779504.95063733,78526595.1328933,83064330.73458819,1051487.0917809643,1192724.0272456424,802800.2449111271,1673662.94561364
87594924.94897777,82661503.4729967,78793548.43842463,83179440.73270823,1097634.6553414501,1188407.9642211215,805019.5872077275,1658895.1997873955
88183150.62763435,82706947.79452895,79276013.79004315,83557139.51940826,1102650.0910428204,1200010.6379824893,815990.4151305485,1648863.6964295083
88799429.29114425,82640511.46691988,79829493.85173221,84057081.55422887,1107315.610205952,1204221.1131163852,870619.4489039708,1647471.397757309
88144571.14865954,82624363.66521071,79355339.70422018,83429344.67158477,1046281.3746483959,1205262.0010253207,835431.1163787175,1648863.6964295083
87224221.53670263,82515134.14766262,78735173.83060858,82699860.94894613,1057620.6845601238,1185635.004260184,805239.7659472752,1648863.6964295083
86276826.04533315,82463178.4239478,77860072.91807169,81817934.93010314,1035352.7419579662,1174847.8841716067,781384.7238101292,1647471.397757309
86915697.79706407,82574503.39495005,78338529.18552396,82419435.3709429,1035980.5848591961,1181202.7224007861,780809.0525321293,1647471.397757309
87585799.05209613,82706123.55380048,79115909.30562958,83293641.356355,1036059.0677025951,1182044.0344687717,814641.2598723698,1647471.397757309
87811991.76332736,82624895.13836633,79298332.74530195,83429117.3060977,1027760.5039942898,1176962.8293153064,807671.3775853444,1647471.397757309
87864020.17111993,82758016.9181447,79356047.83575515,83558717.39102164,1038144.5340569653,1195859.589752318,814713.1105975438,1650255.9951017075
87509672.06502461,82649320.62949055,78937939.23405376,83053779.8852516,1026518.0752709545,1193490.7211085574,804877.6912783909,1650255.9951017075
87598797.35803056,82662401.15630212,79022932.60497138,83097601.01029025,1026146.9858801998,1210385.2009040134,805732.4703492451,1650255.9951017075
88068197.74018264,82724621.86673518,79413152.98320618,83507543.43284693,1042037.5544007458,1208676.6574155109,816739.4636916447,1650255.9951017075
89304259.00697868,83064209.60537915,80694669.60452525,84635427.13267966,1067377.8631728329,1224961.8184834735,837337.5888890553,1650255.9951017075
89125874.41838579,82880588.6441636,80534468.64698175,84415820.45723288,1010419.6146386303,1233097.5575019137,795363.9985122014,1650255.9951017075
89265204.93737966,82547780.80117643,80663623.2676069,84552874.03410044,1009626.7480910458,1206259.2622414844,789349.8950032521,1650255.9951017075
89396779.31038916,82555637.88889986,80800819.64679326,84541024.58821197,1036903.2387536205,1192808.0970793979,818496.9074324894,1650255.9951017075
89210786.81772536,82754627.86409953,80390300.81223929,84255707.24069531,1023702.9445527233,1193781.7119790332,807457.9518393803,1650255.9951017075
88896722.97570057,82847877.12941834,80164881.80107287,84136334.61404955,1025036.7629407085,1161511.996731879,801764.0031794835,1650255.9951017075
89595201.21169585,82759300.14979136,80897350.60948542,84618900.00947873,1025139.2638924755,1185844.063413865,810711.9850291539,1650255.9951017075
90721504.53092763,82927940.15249318,81963758.30633518,85716983.57088928,1042411.6174157299,1220220.4850399746,797457.2922839451,1650255.9951017075
91526969.99803275,83244101.76723437,82944840.06140406,86574396.73612075,1106335.6862385906,1228230.809041,815637.1783923436,1650255.9951017075
91074201.231688,83019010.30047059,82397928.24273574,85962606.2238353,1170534.1895058788,1212610.5960088898,791781.2647380162,1650255.9951017075
90000391.60466436,82713120.65330765,81191851.19756885,85051963.64477618,1102706.0554650463,1205389.855521286,791135.1931781102,1650255.9951017075
90374825.40719274,82421115.0739798,81560084.37150022,85677341.1646037,1121728.916963283,1199362.0619316052,856735.7782999802,1650255.9951017075
90804557.4502984,82594533.16639997,82171400.6769279,85757968.87403469,1171451.1989762224,1202624.1805813587,838948.5319239426,1650255.9951017075
91596031.4302626,82784563.84498277,83275072.8262775,86666847.44186588,1227049.8668591417,1203044.3422283158,874809.2169482041,1650255.9951017075
90984345.51816534,82871350.55402958,82581577.70273155,86040619.34603006,1216899.2489659227,1209082.5775680572,840645.713106804,1650255.9951017075
91195759.32202688,82706872.0675121,82715263.76617263,86102834.38761601,1239787.1568715014,1161365.8798247115,830997.2074038315,1640952.4187619858
90169306.97456016,82533001.72150336,81372764.66364695,85184570.02025165,1197544.327535335,1152406.8029399049,783961.3696047593,1654907.8424222642
90869946.48381919,82924790.1037235,82516440.70249654,86141640.05218805,1250063.9443547167,1160515.0775027405,816392.0028406907,1679717.4187619858
91053161.32664761,83286839.75428256,82738099.00106253,86319915.78870119,1319932.740382854,1168808.54411651,816920.4032122422,1664211.4187619858
91314343.91337202,83554865.35876256,83150569.06748694,86759021.3116237,1282946.352378551,1185182.3307681214,818206.6282946396,1627772.3424222642
91613923.12335347,83906592.97336447,83714008.74140641,87631724.3362657,1286926.3788945116,1189019.0460009705,844583.1361452866,1659559.5714414292
91026286.2421131,83821465.70340912,83268971.54088074,87658840.79803385,1238244.5856129564,1193829.556994928,877444.8969561387,1579703.7660825425
91483785.14819525,84004914.96551645,83660277.98432976,88068507.54691853,1263570.571998302,1203587.871070398,876292.1911608506,1579703.7660825425
91517522.57741593,83983952.80417646,83805195.07197155,88052728.69194044,1328535.9313046373,1209481.0779910218,878448.6201082993,1579703.7660825425
91119101.002084,84066017.00421195,83548693.40045713,87798987.24877895,1323146.0713211931,1214007.2137980592,877916.8679205704,1579703.7660825425
92006969.54385547,84557588.81920984,84671878.44987243,88929634.58822788,1340558.7569634356,1219619.2134738099,931821.6447569657,1579703.7660825425
91759190.37629372,84187299.47453041,84337031.020544,88386403.4143411,1328945.5058686174,1217956.4034075867,949677.0541044999,1579703.7660825425
91841296.1262532,84281636.5022946,84280163.07645562,88538489.62968792,1293490.5100418963,1218861.2695269715,951450.3324744034,1579703.7660825425
91607621.79665051,83748876.17970887,84083530.34580226,88284147.33823599,1352601.5733696856,1214065.0302500855,989107.9974676896,1579703.7660825425
90886262.56014256,83413430.97439164,83059739.98519301,87561209.99792653,1333294.0871302488,1209181.2216944825,980887.2474676896,1579703.7660825425
91657647.68187775,83522283.23008795,83733470.30539584,88468458.26775387,1347482.0239672367,1210237.1504664551,1026375.4141928483,1579703.7660825425
91852083.84435666,83275235.76473884,83640541.59345707,88498675.74038097,1346206.4950848497,1218595.6988825928,1026923.4976431656,1568159.7153484994
91152232.96625616,83126472.25512339,82880293.5518213,87794580.46899049,1314182.5760357946,1183273.814643396,970525.1829993058,1599208.9910535985
91807037.68730304,83539459.3491274,83928835.20435733,88859165.37634625,1340298.30908328,1182314.532775415,1009436.7664496232,1611586.686280983
92655630.36758345,83658039.20769542,84876878.56671017,89906197.56555547,1401644.7837994664,1197227.3183055054,1042867.8498999405,1618941.5782225304
93976975.22888662,83921636.08882475,86584801.99337974,91578651.81923743,1448975.3808644384,1232363.6385645997,1090130.8334318926,1619434.2412245446
93881390.8741274,83641755.7695919,86452124.43838094,91374231.03007907,1443864.6640828222,1208591.5736003052,1062312.5415617754,1596990.5760123902
93848961.90014173,83407344.74289115,86251842.91761711,91228303.75643368,1436093.3753026098,1199007.0695033204,1047842.6176955033,1589105.1198847466
93805498.00906183,83466651.95872656,86358447.23976742,90991360.40011077,1436404.415005979,1190467.4624171387,1052641.6900984575,1573599.4859802895
93079856.54810573,83362232.50270693,85492692.71175614,90759913.534194,1406774.148850736,1173266.6658625733,1072526.4960333635,1593521.5641007596
91898426.03973438,83368030.65196133,84408694.88349018,89510308.17195506,1302521.249947843,1153370.386519922,1024837.4932266999,1582091.3011777573
91723096.01728489,83124109.07411383,83934148.86362487,89558961.02594168,1297875.4404967397,1136146.7046961915,999235.5749918747,1589787.2738382989
90017646.45176555,82648845.55745173,82116619.68864013,88726888.44203623,1295738.943113622,1112798.2975306641,967325.8428599167,1562851.2777831727
90791950.12925626,83390617.11407383,83085682.95164433,89200073.08223554,1320496.3458026021,1131175.7888655793,967325.8428599167,1597483.2464988404
91032926.72554828,83807929.418798,83143366.9662011,89551612.51100466,1354065.6661761373,1135739.7845130097,1011612.9160448838,1609027.2054896527
90469425.27147676,82954967.98358023,81867907.0374862,89010386.90271966,1336194.7022793859,1123948.4279356133,955092.8968159485,1609027.2054896527
90943700.3391915,83630003.60067144,82982685.9384728,89632521.76134545,1367502.6599963277,1133484.6600375306,978480.5719095994,1609027.2054896527
91136575.8679238,83887284.83860484,83413843.6084575,89978889.76342475,1360755.149234113,1128266.669037355,1034414.2832261849,1609027.2054896527
90896616.75505404,83618708.11877258,82874560.71765693,89742318.14582027,1339900.6377404302,1116788.3523197304,1010553.0280443955,1609027.2054896527
91165737.77520603,83822305.08716506,82891563.57955173,90055253.49968502,1358076.833648023,1122831.6627488267,1020324.8710014153,1609027.2054896527
91273120.812416,83809741.98034844,83797585.43996134,90190552.61050896,1356299.2531664937,1123461.417588247,1031894.1580755044,1609027.2054896527
91366722.83483842,84072864.28563328,84487258.02380963,90651833.08475378,1371376.889503774,1126391.138350023,1045791.626571827,1609027.2054896527
91354592.15462345,83813211.90660694,84269374.60561469,90444818.0571598,1367107.5669291585,1132229.1933784615,1038179.4765130806,1609027.2054896527
91086318.59051482,83310900.128032,83839867.41923851,90136534.18028608,1376910.8956893056,1120234.6827397477,1026553.753097229,1565296.8724112683
90499278.1916164,83165567.789408,83113197.57623065,89137056.97491346,1349759.029519376,1119550.2534275185,1017499.1896564293,1601076.253072279
90921616.96240272,83393906.09316996,83331475.8379265,89464424.2031184,1377036.1757796376,1125466.7805595528,1021860.0385486413,1609027.2054896527
90823355.1583648,82864587.67856434,83013620.74709655,89245967.62504098,1375959.7466309636,1128440.8724756371,1026865.8934623528,1541444.0151591473
90900451.08006643,82928564.1645737,82979294.8947056,89100206.9217672,1393607.5455535024,1133127.4232039582,1028409.2529079247,1541444.0151591473
91426036.81832555,83321565.52490762,84190236.05736393,90393985.7275384,1421966.3418315023,1146852.046529783,1076674.4459611704,1541444.0151591473
91420994.3003643,83045477.27130374,83870058.1154238,90291507.71773142,1424095.7372992605,1153087.5986027848,1067827.293396168,1541444.0151591473
91957386.3107489,83445093.70204428,84404789.7861788,90889220.57208194,1432540.5382655233,1154776.1532468926,1106111.1489345361,1541444.0151591473
92012641.29856573,83485590.52935627,84149188.00606534,90849819.56544586,1422552.3610747426,1157702.8744835984,1099722.362751179,1541444.0151591473
92619593.1469893,83608018.1221073,84731397.62717585,91479495.78100751,1443416.1413996785,1168585.0760278832,1144999.377509289,1541444.0151591473
92631431.67375572,84064438.65419224,85300200.07916397,91780157.00167884,1430039.418340978,1162129.9332413804,1137476.0449411203,1541444.0151591473
91991475.4971765,83464189.64332083,84488216.25589834,90956573.88109091,1397346.6453898519,1161382.430855764,1129976.3551818659,1541444.0151591473
91636709.16633533,83075690.4680374,84228468.72084388,90626674.58512032,1380202.5590251058,1161171.9242816102,1131359.6815149118,1541444.0151591473
90471317.64332438,82558977.58268341,83548477.23580933,89568108.08666131,1346769.1281474202,1153207.6968503129,1105482.2682430078,1541444.0151591473
90471252.16428508,82349325.97742113,83524369.38029931,89467568.36299798,1346769.1281474202,1148183.0908284318,1101251.1508991052,1531194.7253794842
90662513.9462618,82487958.64491752,83538264.02410504,89543509.34196126,1346769.1281474202,1147985.6414704453,1099445.9665004541,1531194.7253794842
89635162.69524835,81668252.58129504,82131552.41779345,88022652.22165304,1346769.1281474202,1132771.5746131074,1087690.5761958887,1490197.9589915448
90077553.06719603,82481394.63448247,82760760.04685444,88185986.9124615,1346769.1281474202,1141132.998011602,1099045.562016659,1517102.0746607953
90262698.62972726,82758957.1118677,82943627.91083318,88385058.88657586,1290323.619830963,1135653.5674085747,1099987.5692378809,1517102.0746607953
90631163.36644357,82971179.74601921,83094929.79027835,88629058.1897282,1290323.619830963,1136380.2293024193,1103965.7197009851,1548287.650382536
90663644.03359143,82935523.4646152,83136760.95508713,88443661.82759543,1280382.9598778456,1141289.9947419297,1098484.212620907,1565626.5204997235
90348427.41795711,82851835.19801623,82929956.53042111,88182452.3873483,1260620.3588808745,1136408.543452276,1091024.2975818445,1569828.2708354169
90520012.3988779,83050526.4085785,83295253.36385983,88418764.12983795,1260634.6522806853,1136510.7549998732,1108595.9661914636,1577913.2860598736
90610116.31610255,83038244.00553188,83518346.94028047,88483767.27615206,1264796.9596203535,1146297.8642542455,1129280.9715968897,1563591.4475245648
90069520.18988995,82460287.30709332,82998143.47339657,88136838.80718498,1255939.7710331648,1153706.217008188,1127560.9047633936,1555990.3312754803
90003355.5298462,82876098.26194216,83313281.31108059,88162292.47200043,1241648.0819966204,1139040.552337302,1127683.2114459802,1564006.9110217267
90282033.91779137,83123168.34163256,83456756.72968355,88119373.25311908,1236457.9580912536,1130706.3874006346,1109937.094010525,1574960.2109027081
89908406.33079554,82815099.13307825,82917750.9964984,87885559.30896781,1225267.6128077453,1111063.719338744,1100306.9002200891,1573558.7302737408
89311796.3438237,82396722.07234564,82362869.2516532,87264877.72001418,1198196.462054724,1101355.1855925014,1086635.2190067102,1574177.0287013226
89352140.48528515,82306970.24892001,82300447.11089048,87328682.96343088,1201852.6539454407,1099160.0539248874,1082188.2224704553,1573393.8543620282
89217759.726148,82113899.95476207,82263175.49557817,87177605.07996331,1212131.3627254728,1101544.6967671802,1076258.9181339075,1573764.8271289044
89589374.71045528,82550806.28275736,82810217.74764004,87669292.71730806,1223787.5069780769,1123230.1050284794,1076258.9181339075,1574506.788386839
88913488.62312147,82146812.52156506,81932629.68479359,87285036.42321432,1204232.805102529,1108811.6705821445,1066670.6954776575,1573929.7109027081
88484670.75753173,81508825.25194524,81315596.40553519,86701275.98852903,1179048.1418139136,1102860.3087676456,1065710.9996616174,1573311.4124751263
88656004.54509419,81704845.2965004,81625832.95053595,86976427.48179176,1218272.8628985083,1094141.3273147037,1079181.2113925745,1573435.067443388
88628243.90895623,81879558.1466983,81771908.28403302,87034508.88478495,1221142.8549181616,1108370.712459891,1089805.4662563135,1574094.5946765118
88859798.26396453,82391838.56302872,82090754.18479124,87280779.90882833,1220154.944693247,1110236.8080333164,1094678.9792606165,1574918.9899592572
88875052.9887268,82509799.86546513,82311503.09298007,87256068.41868708,1228248.9503585494,1108569.5647700718,1112632.9685375025,1574918.9899592572
88962391.31399363,82467419.41781734,82242316.51939318,87385472.0559282,1232017.9152056372,1110337.7652781894,1121486.5019923975,1574918.9899592572
88965082.91391653,82386103.76342401,82289159.61205678,87455821.48826423,1222101.0800234473,1118017.4347880771,1134770.4595968057,1574918.9899592572
88772532.2794289,82380787.03114764,81757699.81996965,87110339.23849012,1221004.1790095961,1112770.7290767124,1116895.7732374002,1574918.9899592572
88968164.12329784,82762448.90136623,82082002.72982956,87584103.36472724,1219641.61278216,1123736.6313842228,1126299.105497532,1574918.9899592572
88687000.32708682,82540396.68332468,81673086.63948226,87172122.10002574,1207515.5087520278,1114199.4846461704,1118897.2632972528,1574918.9899592572
89714642.16640145,83530523.13229805,82714097.26138163,88563893.73176807,1210592.1150972045,1123146.534210532,1136939.3488027384,1632760.5267338925
89889540.59932278,83234153.06296887,83181204.32808192,88615522.77323818,1191024.6620985663,1125905.0327819278,1143658.6730186273,1607695.762732523
90593706.92318994,83599822.50852668,84008299.78084126,89240166.31399497,1219674.5924531615,1144281.2251895359,1179316.9213687708,1630832.4326043301
90433349.50233756,83513223.9508953,84264224.37375201,89207087.78088884,1184939.8832694686,1148559.3990214756,1165555.3324653436,1632760.5267338925
90189104.33176151,83179733.53906292,84190982.0766748,89005333.08861624,1166138.5044624007,1147485.086063712,1139747.961698704,1615407.955377596
90519400.91386215,83309264.46727294,84623017.39099023,89333527.74743852,1156730.824305216,1152643.645872443,1144433.7717801859,1630832.4326043301
91437423.65212853,83509808.00744426,85183024.9246372,90270084.57746646,1161635.574724356,1146574.6661380222,1138330.8823158075,1628904.3384747677
91946384.67559753,83772415.21470177,85624668.17595842,90731615.12326026,1178390.106137911,1147828.9411033085,1157100.3212119867,1611551.8590550595
92754576.27141295,83827490.37309419,86272528.925545,91510828.92603604,1177712.3819634116,1156071.3800300052,1163079.1666499902,1611551.8590550595
92834928.33875003,83881707.22114164,86411478.08588645,91781103.83275773,1194315.2877151167,1162325.7374385288,1174029.6368781854,1586487.2789268666
93159761.06776422,83604965.22368857,86727900.37192616,92128539.4474626,1247251.1806298888,1166188.4646762302,1178983.959018879,1565278.7031846219
92113362.75372133,83507416.98076569,85689412.60864247,90997531.69548626,1225909.0734368956,1177064.9017489841,1167528.3941613962,1563350.6090550595
91816295.07229051,83471951.70868263,85397628.40657482,90526216.17218968,1225291.1865302718,1177686.891331046,1181044.6999494364,1557566.510539549
92369428.70943643,83319631.83943614,85973345.73683165,91145592.21089503,1231651.0982357657,1194558.8900702884,1179347.7077590753,1542142.125249403
92459863.78026022,83525902.77465925,86192667.38399284,91363027.92549917,1231125.6928917563,1216486.9775794437,1192361.7052480509,1547926.2237649136
92411278.5929651,83510770.39769945,86244299.27681442,91418090.53803286,1231802.3918940222,1215659.4584210804,1194578.6268684198,1576846.9921522313
92614572.4630414,83502320.57291803,86283119.0127396,91463383.24794641,1252212.4860311002,1223672.8893702915,1204867.9418021967,1572990.8958296948
92984994.84215032,83703843.56410417,86538794.70655207,92021580.2018936,1225619.9457424767,1223485.1300404957,1235473.8968831827,1567206.705377596
94387779.87594567,84546106.58662567,88115369.6013537,93983116.6327366,1222018.5067518223,1235298.268714278,1263868.7942086984,1640864.3990054303
94346768.84029679,84605511.4784523,88008515.8390588,93803219.40186176,1221991.3648756016,1237018.9133637836,1263655.4240381052,1643410.3212466412
93262773.16931127,84038909.05208597,86683977.64457236,92317960.3492042,1201554.810687827,1227713.1740058353,1252438.3999521066,1643410.3212466412
91226201.15461498,83518492.1896697,84532366.25179626,89738409.16722578,1168739.1240919102,1217876.5470307758,1228955.7416326334,1643410.3212466412
91705860.51766402,83481004.43481025,85043822.35721096,89994940.51972164,1188007.4929883946,1245772.2441266468,1247193.2066184809,1643410.3212466412
92008319.13421065,83453946.93427381,85249954.36987208,90396613.33036818,1189729.600959586,1253747.2182715824,1248916.1148692896,1643410.3212466412
92084407.96838814,83828270.9097291,85267553.4789014,90503085.80694047,1196964.467140006,1258194.181125014,1244929.960705929,1643410.3212466412
91927821.21672468,83817962.25794563,84941690.33977869,90462534.05533595,1183035.68533306,1242146.0774072101,1221639.2151347925,1643410.3212466412
92515411.86063346,84181703.19296297,86126571.2094601,91366195.4760096,1211623.5254362095,1261378.1965583256,1256807.909166508,1679045.0773501568
92795016.31894076,84460600.90697607,86640152.9374647,91950725.7466584,1211613.1631620396,1254365.8163493564,1277141.4780542185,1653388.1444888287
92943709.42564526,84692904.26791944,86817675.13232815,92220667.85566495,1234248.4741361607,1260975.853316634,1291234.0385810663,1644835.7748599225
92755162.59155564,84240844.59337737,86483381.68461655,91930997.493469,1245014.3747404087,1268887.1587832859,1285738.1968061258,1609200.8427310162
92186398.6961621,84017438.25063871,85701066.63487197,91280986.09105954,1229757.3139417637,1255844.5598433902,1248635.851916485,1599223.1955142193
92524008.60742527,84164371.78999747,86208186.72021405,91700249.05743232,1236754.0396345127,1256354.6731913975,1247909.903417759,1606350.1115298443
92538483.1514283,83666432.48997124,85770157.2489022,91571389.65321119,1236398.4616010655,1249583.141523688,1245622.8430024912,1569472.5525088483
93482195.89967565,84506752.81241952,87135847.49162902,92863038.76133402,1267705.4438932408,1262777.5491422107,1248127.7032100488,1573535.5525088483
93040718.76144025,83994533.69262056,86309003.72671163,91998766.01203868,1266541.1290510166,1268627.3838590076,1274162.5892669489,1570093.9539675885
92843602.55713125,84041492.06557569,86224401.15252016,91786805.65727492,1264976.9188306797,1245505.0842841556,1257278.885163479,1571336.7495913678
92353725.23910503,83476787.85541067,85236367.46124242,90985030.01422986,1283140.499801444,1229750.127061217,1242759.6640483667,1569185.7495913678
92983312.41818951,83600136.6502901,85908747.96586053,91591541.06704323,1318880.9226377476,1249850.9895223072,1299847.9301015665,1569854.9539675885
92551884.91555008,82768872.74028024,84761752.38473509,90801628.90693945,1317553.8363264073,1236116.4377320698,1316161.2585489084,1566269.9539675885
92298742.83127551,82323472.26391706,84137878.3855549,90583042.24314965,1314900.8504407872,1250065.2639306476,1307193.641632252,1566269.9539675885
91657122.03784923,81979672.63382253,83016912.97450675,89827467.81888548,1286465.6786878575,1216420.9143060138,1289111.9928237726,1566269.9539675885
91809146.52003092,82043179.39176139,83351505.42040326,89962659.75407004,1301854.6836393345,1235635.1731103351,1284159.4896203806,1572219.2974887067
91921367.49162917,83152090.41993293,84025930.6019782,90189543.34370025,1300506.8665616978,1223479.9823678425,1295377.1811038782,1608268.6925769025
91693336.16707377,82780275.1093131,83269470.91173461,89898782.25438589,1282320.8239591587,1196702.864417403,1295377.1811038782,1577746.8957848721
91639838.6346326,83471440.87958714,84015605.01059559,89908918.20171148,1260962.7328009636,1182736.8399470737,1283513.3430399133,1585054.3026681119
91856552.79287522,83622817.08511561,84353129.58388302,90271446.12832747,1271671.1650519348,1196840.6649230411,1314607.8844037713,1620493.5013604336
91859690.62364729,83397303.18532781,84154664.61601119,90602447.89388631,1278529.6744656204,1187454.453883498,1334206.2535411338,1607560.2877450162
91632678.88451369,82937874.54161099,83483649.61917241,90029269.75125198,1281758.2528512515,1157650.7775805881,1334628.0707194926,1585150.6702103787
91879561.32232444,83688079.01922983,84148891.32906055,90573924.66274308,1306464.6826774892,1191356.0748551777,1353897.4934783012,1619285.6355300122
91884308.35775274,84037922.34391925,84223083.82938626,90510316.92340903,1302717.3419537407,1192619.671055167,1350774.7284437828,1639847.6007762128
91665595.09664561,84248277.80719395,84595749.23248103,90592847.34488243,1293704.1084779585,1193290.908106177,1345308.8769338531,1651063.2397914105
91668711.85296194,83179918.66657403,83796157.86584644,90306367.9887517,1271473.55413121,1196349.7009828975,1356243.0986044765,1618039.4270072156
91506736.49401517,82857630.47531044,83674696.16336706,90108114.43725607,1293660.7704150458,1184186.1107958248,1380584.0569289408,1605577.6388917142
90893504.47800215,81198840.3518057,82117575.26395032,88949676.225583,1275795.164924899,1150663.603099673,1371580.6042634812,1583769.52454521
91239412.73876601,82476933.7185974,82988323.93384567,89686416.90828326,1292743.0542366765,1181123.271601527,1357458.299661016,1583769.52454521
91604714.71937574,83172601.09239817,83378376.03987189,90143637.27283446,1306427.1987914084,1195063.9436176708,1353461.0585037374,1583769.52454521
91448695.67141652,81981758.57267922,82625772.11883873,89557134.17504029,1314274.9294726907,1180926.2775333812,1362016.021009448,1583769.52454521
91548410.87534787,82504236.23349471,82934850.69657847,89661729.07392989,1306504.2422335104,1180113.686823695,1350472.5713618107,1595153.651269453
91476453.28828284,81949380.90631814,82576065.04958393,89300991.03644994,1313276.7220957235,1179494.1857536724,1339594.4454001524,1587290.5421271496
91345980.28500472,82277896.10568424,82342378.73015952,88961197.3869344,1291300.9252264455,1165608.844810336,1303775.1926050708,1570815.793080824
91733951.35243395,83728542.84333344,83552957.89955634,89856932.91919425,1306653.185810323,1217274.9853275707,1352154.6828642413,1621620.8495230847
92036938.16158581,83617263.15461369,83606749.75116226,90018657.37783185,1322244.3572103933,1249759.7103146007,1382298.5492392108,1608111.2240462475
92261561.15310064,84854325.74537583,84483381.44984807,90321795.1881496,1294315.7261431173,1262658.8155888012,1371084.253974013,1644330.8495230847
92250103.00727552,84585512.33700581,84479297.11262332,90126371.1052006,1283587.5446550802,1277695.7073200634,1383653.918288283,1627572.795575636
92631834.76961973,85005525.6545958,84750133.21012789,90649741.83059894,1298577.4543917135,1295251.0854767254,1395653.1098623797,1640028.7403807812
92094179.99593472,84405346.5603065,84343162.05718285,90156009.85962479,1285641.2499048666,1290299.3358829906,1379455.2000341937,1615403.8695998364
92542075.39511573,84842534.23854275,84660599.26701525,90555358.71765895,1291107.0265085653,1294146.28003773,1388924.446326308,1612064.6205535107
92551034.54320131,85068202.47059913,84774670.12462881,90678706.99991682,1287434.585685964,1288714.8443954876,1397903.6572104022,1634749.067853468
93004069.36438422,85494635.24747868,85428529.54809676,91240186.64615369,1306405.1564676717,1305206.813793986,1410055.1159811541,1714975.4505210095
92450250.68720421,85047885.40912648,84932403.88749789,90790603.07722147,1297854.7815592245,1308609.9831722667,1403142.38682466,1713994.4467787915
92911394.0582026,85212205.89404412,85154257.53994295,91263436.80656265,1301664.2479746297,1285680.482802241,1410375.575232558,1714844.647527235
93256964.7966826,85586368.35871072,85525348.70406045,91685882.4757467,1310559.298500295,1290786.5512836864,1396789.2198172137,1714844.647527235
92815308.73574884,85262841.65160842,85277631.28635903,91274120.7885401,1293021.0645105795,1284446.0333393505,1407841.977385573,1714844.647527235
91886210.80362798,85192414.93261929,84772284.8285306,90457171.4324998,1283132.7393305257,1250308.3446377208,1385452.8616552874,1714844.647527235
92630427.95986399,85183828.15779443,85330287.75434393,91539696.39238839,1281647.576192613,1239111.7761181286,1392290.2472219989,1714844.647527235
92785129.01440974,85012406.95659323,85505945.05591063,91871700.5734707,1284656.047835584,1223847.9006107738,1380161.4689398333,1714844.647527235
92364427.66722928,84884558.6901104,85093870.99473451,91325333.46176027,1285960.649152513,1227084.1980732372,1354061.583663039,1714844.647527235
92815328.97354995,85251053.1288764,85700562.49805887,91554650.80827418,1302728.7708094076,1239567.9706257274,1362748.7638006732,1714844.647527235
92914755.3007815,84953295.23026748,85627166.85643584,91623758.64999409,1288904.4971225217,1227242.0092457226,1379372.323027663,1714844.647527235
93567352.436261,85444699.2638144,86400127.75995742,92375723.97773749,1282451.5196411565,1233567.120871394,1379128.4729986712,1714844.647527235
93395886.52309321,85252906.26257963,86038431.29465789,92088722.0003104,1295482.765610452,1233650.1205662182,1365442.9795980975,1714844.647527235
94756452.71758017,85267859.92814846,86948413.17894785,93532843.69120984,1327608.0273916677,1263258.2071216991,1358607.0095739886,1714844.647527235
95670880.69828804,85643137.46176119,87686541.19147521,94769165.89568338,1361087.276190038,1289828.2164448192,1383270.6683340594,1714844.647527235
94891181.14843471,85534975.22482772,86775426.82674715,93915318.52100255,1367584.0263993696,1286126.2426632335,1371094.1140013263,1714844.647527235
95294355.17667563,85526092.07715888,87160805.53439982,94427488.51002906,1379635.784509416,1286211.6549709728,1376109.031077437,1714844.647527235
94987205.84712298,85522239.63810058,87101435.66216655,94109805.5265259,1370991.4351756528,1284567.958231776,1376191.9369459674,1714844.647527235
94681096.09441312,85468612.31206436,86777756.84617117,93820467.51123814,1370979.351296182,1283950.6439083507,1381178.6640654132,1714844.647527235
94670793.202357,85325630.0470769,86628967.632092,93688151.65032867,1370754.2874352888,1295569.7669094494,1388704.2710524127,1714844.647527235
93457586.8195706,85063359.33189364,85542773.45690489,92291269.81332846,1351305.7545158819,1287710.8152988842,1382810.0314474627,1714844.647527235
92940148.17184679,84503769.58930822,84750159.97505093,91663074.70924959,1366949.227156873,1272271.9702557018,1367684.4635725543,1714844.647527235
92988569.38441515,84428215.58525057,84811625.41681367,91709923.15948707,1364792.9038774923,1264158.3350170543,1370658.6006880328,1686904.8929314786
93832404.16037172,84199036.94363971,85335192.1845361,91917452.85965243,1356635.1019184545,1262954.9330471447,1367893.3197455928,1674009.6452293568
93243756.10839945,83850945.74434014,84726311.57113014,91449287.54313415,1347192.3591167883,1259047.9587124279,1366392.8012896106,1663263.6567187482
94110167.33191322,83866703.16655464,85492737.53465916,92252927.03599311,1346518.6026604131,1260725.7039059093,1387263.3875589892,1738485.9862222844
95038843.38082963,83920156.0432178,86005802.03295133,92938822.84981056,1396754.8872735456,1251505.133799403,1381477.4642267749,1684755.7362222844
95327428.80996235,83351796.74136735,85738818.4471346,93113044.80680257,1411650.808110948,1233529.074007838,1357865.8505201861,1597504.5969491177
96103598.53312549,82648007.1952777,85791297.1850981,93756026.07683353,1407887.299276109,1222900.074007838,1345565.261877112,1569005.8922162228
96034738.04310635,83316519.1336378,86106488.12391676,93714413.41894373,1407308.308110948,1230937.6149652353,1356362.0049801394,1585096.1687827283
96034738.04310635,83316519.1336378,86106488.12391676,93714413.41894373,49371.79044127022,473211.64097984624,34648.54398923367,75867.31565238768
96034738.04310635,83316519.1336378,86106488.12391676,93714413.41894373,49371.79044127022,471414.1590230335,34648.54398923367,75867.31565238768
96034738.04310635,83316519.1336378,86106488.12391676,93714413.41894373,49371.79044127022,471414.1590230335,34648.54398923367,75867.31565238768
96034738.04310635,83316519.1336378,86106488.12391676,93714413.41894373,49371.79044127022,465974.68517423345,34648.54398923367,75867.31565238768
96034738.04310635,83316519.1336378,86106488.12391676,93714413.41894373,49371.79044127022,465974.68517423345,34648.54398923367,75867.31565238768
96034738.04310635,83316519.1336378,86106488.12391676,93714413.41894373,49371.79044127022,465974.68517423345,34648.54398923367,75867.31565238768
96034738.04310635,83316519.1336378,86106488.12391676,93714413.41894373,49371.79044127022,465974.68517423345,34648.54398923367,75867.31565238768
96034738.04310635,83316519.1336378,86106488.12391676,93714413.41894373,50573.416659749295,477323.98968729965,34648.54398923367,75867.31565238768
96034738.04310635,83316519.1336378,86106488.12391676,93714413.41894373,49875.46236623523,470731.84340131126,34648.54398923367,75867.31565238768
96034738.04310635,83316519.1336378,86106488.12391676,93714413.41894373,51028.92216447547,481626.21828469046,34648.54398923367,75867.31565238768
96034738.04310635,83316519.1336378,86106488.12391676,93714413.41894373,50235.236691318874,474129.89539831685,34648.54398923367,75867.31565238768
96034738.04310635,83316519.1336378,86106488.12391676,93714413.41894373,50413.38769960708,475812.52349953447,34979.40951675546,75867.31565238768
96034738.04310635,83316519.1336378,86106488.12391676,93714413.41894373,50425.61934218558,475928.05080260383,33251.38943114386,75867.31565238768
96034738.04310635,83316519.1336378,86106488.12391676,93714413.41894373,50296.20614053111,474705.7490493627,33251.38943114386,75867.31565238768
96034738.04310635,83316519.1336378,86106488.12391676,93714413.41894373,50838.46748894906,479827.38261079654,33251.38943114386,75867.31565238768
96034738.04310635,83316519.1336378,86106488.12391676,93714413.41894373,50313.753635662964,474871.48433595215,33251.38943114386,75867.31565238768
96034738.04310635,83316519.1336378,86106488.12391676,93714413.41894373,50962.67322152426,481000.5000574586,33251.38943114386,75867.31565238768
96034738.04310635,83316519.1336378,86106488.12391676,93714413.41894373,50431.746991463675,475985.92616895057,33251.38943114386,75867.31565238768
96034738.04310635,83316519.1336378,86106488.12391676,93714413.41894373,49146.33692070558,463845.28701440507,33251.38943114386,75867.31565238768
96034738.04310635,83316519.1336378,86106488.12391676,93714413.41894373,49624.65492166102,463845.28701440507,33251.38943114386,75867.31565238768
96034738.04310635,83316519.1336378,86106488.12391676,93714413.41894373,48879.01745328061,463845.28701440507,33251.38943114386,75867.31565238768
96034738.04310635,83316519.1336378,86106488.12391676,93714413.41894373,48879.01745328061,469456.766789978,33251.38943114386,75867.31565238768
96034738.04310635,83316519.1336378,86106488.12391676,93714413.41894373,48879.01745328061,469456.766789978,33251.38943114386,75867.31565238768
96034738.04310635,83316519.1336378,86106488.12391676,93714413.41894373,48879.01745328061,469456.766789978,33251.38943114386,75867.31565238768
96034738.04310635,83316519.1336378,86106488.12391676,93714413.41894373,48879.01745328061,469456.766789978,33251.38943114386,75867.31565238768
96034738.04310635,83316519.1336378,86106488.12391676,93714413.41894373,48879.01745328061,469456.766789978,33251.38943114386,75867.31565238768
96034738.04310635,83316519.1336378,86106488.12391676,93714413.41894373,48879.01745328061,469456.766789978,33251.38943114386,75867.31565238768
96034738.04310635,83316519.1336378,86106488.12391676,93714413.41894373,48879.01745328061,469456.766789978,33251.38943114386,75867.31565238768
96034738.04310635,83316519.1336378,86106488.12391676,93714413.41894373,48879.01745328061,469456.766789978,33251.38943114386,75867.31565238768
96034738.04310635,83316519.1336378,86106488.12391676,93714413.41894373,48335.72697067971,464233.3043818992,33251.38943114386,75867.31565238768
96034738.04310635,83316519.1336378,86106488.12391676,93714413.41894373,48535.28052723952,466151.9106054032,33251.38943114386,75867.31565238768
96034738.04310635,83316519.1336378,86106488.12391676,93714413.41894373,48338.316610735266,464258.2024574478,33251.38943114386,75867.31565238768
96034738.04310635,83316519.1336378,86106488.12391676,93714413.41894373,47369.19846546517,454940.62307234376,33251.38943114386,75867.31565238768
96034738.04310635,83316519.1336378,86106488.12391676,93714413.41894373,48043.072086523774,461419.57611886953,33251.38943114386,75867.31565238768
96034738.04310635,83316519.1336378,86106488.12391676,93714413.41894373,49561.841795317334,476021.7764784876,33251.38943114386,75867.31565238768
96034738.04310635,83316519.1336378,86106488.12391676,93714413.41894373,49738.30970649245,477718.42593172775,33251.38943114386,75867.31565238768
96034738.04310635,83316519.1336378,86106488.12391676,93714413.41894373,50253.70518232349,482673.69199935545,33251.38943114386,75867.31565238768
96034738.04310635,83316519.1336378,86106488.12391676,93714413.41894373,50781.46964691436,487747.8796197842,33251.38943114386,75867.31565238768
96034738.04310635,83316519.1336378,86106488.12391676,93714413.41894373,48971.59166211834,470346.8208500208,33251.38943114386,75867.31565238768
96034738.04310635,83316519.1336378,86106488.12391676,93714413.41894373,49251.80866538974,473040.9651974156,33251.38943114386,75867.31565238768
